# Cloudflare Pages redirects for VLSI Physical Design Hub (Eleventy build)
# 1) Legacy slug redirects after SEO URL cleanup
/advanced_logic_synthesis /advanced-logic-synthesis/ 301
/advanced_logic_synthesis.html /advanced-logic-synthesis/ 301
/advanced_synthesis /advanced-synthesis/ 301
/advanced_synthesis.html /advanced-synthesis/ 301
/ccs_modeling /ccs-modeling/ 301
/ccs_modeling.html /ccs-modeling/ 301
/cmos_fundamentals /cmos-fundamentals/ 301
/cmos_fundamentals.html /cmos-fundamentals/ 301
/congestion_analysis /congestion-analysis/ 301
/congestion_analysis.html /congestion-analysis/ 301
/delay_models /delay-models/ 301
/delay_models.html /delay-models/ 301
/floorplan /floorplanning/ 301
/floorplan.html /floorplanning/ 301
/io_design /io-design/ 301
/io_design.html /io-design/ 301
/ir_analysis /ir-drop-analysis/ 301
/ir_analysis.html /ir-drop-analysis/ 301
/logic_synthesis_new /logic-synthesis-practical-guide/ 301
/logic_synthesis_new.html /logic-synthesis-practical-guide/ 301
/logic_synthesis /logic-synthesis/ 301
/logic_synthesis.html /logic-synthesis/ 301
/pd_cells /physical-design-cells/ 301
/pd_cells.html /physical-design-cells/ 301
/pd_inputs /physical-design-inputs/ 301
/pd_inputs.html /physical-design-inputs/ 301
/pd_issues /physical-design-issues/ 301
/pd_issues.html /physical-design-issues/ 301
/pd_verification /physical-design-verification/ 301
/pd_verification.html /physical-design-verification/ 301
/power_analysis /power-analysis/ 301
/power_analysis.html /power-analysis/ 301
/powerplan /power-planning/ 301
/powerplan.html /power-planning/ 301
/sta_numericals /sta-numericals/ 301
/sta_numericals.html /sta-numericals/ 301
/std_cell_types /standard-cell-types/ 301
/std_cell_types.html /standard-cell-types/ 301
/who-am-i /samson-hruday-chinta/ 301
/who-am-i.html /samson-hruday-chinta/ 301
/work_sited /works-cited/ 301
/work_sited.html /works-cited/ 301

# 2) Redirect .html page URLs to clean URLs (Eleventy outputs pretty URLs)
/about.html /about/ 301
/advanced-logic-synthesis.html /advanced-logic-synthesis/ 301
/advanced-synthesis.html /advanced-synthesis/ 301
/blog.html /blog/ 301
/ccs-modeling.html /ccs-modeling/ 301
/cmos-fundamentals.html /cmos-fundamentals/ 301
/congestion-analysis.html /congestion-analysis/ 301
/cts.html /cts/ 301
/delay-models.html /delay-models/ 301
/eco.html /eco/ 301
/floorplanning.html /floorplanning/ 301
/io-design.html /io-design/ 301
/ir-drop-analysis.html /ir-drop-analysis/ 301
/logic-synthesis.html /logic-synthesis/ 301
/logic-synthesis-practical-guide.html /logic-synthesis-practical-guide/ 301
/physical-design-cells.html /physical-design-cells/ 301
/physical-design-inputs.html /physical-design-inputs/ 301
/physical-design-issues.html /physical-design-issues/ 301
/physical-design-verification.html /physical-design-verification/ 301
/placement.html /placement/ 301
/power-analysis.html /power-analysis/ 301
/power-planning.html /power-planning/ 301
/projects.html /projects/ 301
/routing.html /routing/ 301
/samson-hruday-chinta.html /samson-hruday-chinta/ 301
/sta.html /sta/ 301
/sta-numericals.html /sta-numericals/ 301
/standard-cell-types.html /standard-cell-types/ 301
/works-cited.html /works-cited/ 301

# 3) Root aliases
/index / 301
/index.html / 301
